model,accuracy,precision_macro,recall_macro,f1_macro,recall_churners,roc_auc
LogisticRegression,0.7524846190250828,0.7142679884539529,0.7637847547641362,0.7213801766014099,0.7878787878787878,0.8564333066872485
XGBoost,0.7875059157595835,0.7274582391603668,0.7011216623481633,0.7116049333178913,0.5169340463458111,0.8376765303122187
RandomForest,0.7893989588263133,0.7306151997374244,0.7001339195472003,0.7118830305498333,0.5098039215686274,0.8337623123288678
